idparcel,centerx, centery, length, width, height, orientation
3, 1051087.70357193, 6840608.82662203, 16.28412032344233, 10.73528125026023, 9.040449662819178, 2.797657641131154
6, 1051160.5645234415, 6840588.065996324, 16.518386783482658, 16.619786590467076, 9.961147390733435, 2.7948328306002543
7, 1051125.2192416803, 6840588.718425551, 6.421524072369581, 19.999950372839216, 6.8855891908584805, 1.2192981857052378
9, 1051181.004750181, 6840579.854721824, 14.93931807175846, 19.999921786749386, 9.621582771313749, 1.1895120094283542
17, 1051094.0066745877, 6840620.253577583, 12.885295074593698, 7.553603726145791, 9.82498637300484, 2.742735437342063
