idparcel,centerx, centery, length, width, height, orientation
3, 1051085.2902567878, 6840601.445664926, 10.204565939395927, 19.669854907534493, 23.99994169168476, 2.801656851209024
6, 1051161.4197476166, 6840590.662314233, 9.9253854701131, 11.075337243393111, 23.999945499426655, 2.782134159831044
6, 1051156.1744894672, 6840576.294617262, 10.246743081622304, 19.63288769749647, 23.999828949483494, 2.794209840066803
7, 1051127.1077894492, 6840583.652996762, 19.999977467610186, 14.024181734285916, 23.999973795281154, 2.793217068872004
7, 1051137.7391735765, 6840579.995927487, 5.967511376931717, 13.615165998997835, 23.999966891740566, 2.7834781455789757
8, 1051103.3918832438, 6840592.274447788, 14.485717871724447, 9.917276967831318, 23.999986842962617, 1.2246721124322335
9, 1051176.8488823627, 6840567.06592487, 15.454162215386127, 14.702271014132585, 23.99999711465922, 1.2144447334407649
9, 1051181.7051037461, 6840580.465596264, 13.123523566724462, 14.300053004126674, 23.999990115778395, 1.1797043511745466
