idparcel,centerx, centery, length, width, height, orientation
2, 1051155.42785532, 6840621.918774275, 6.9686140602735875, 10.403930537156414, 5.814788981976823, 1.1565152273131791
2, 1051152.997833278, 6840610.473497248, 15.764702150484595, 6.2611422540404895, 9.336336844659495, 1.1579129265754198
3, 1051087.604084078, 6840608.009236177, 17.06096376626254, 12.715711053493425, 7.1915039353131425, 2.7949165615972253
3, 1051084.2473500469, 6840601.676671823, 5.0000238162266575, 14.340301712973092, 5.1565763440777115, 1.3589069537718093
6, 1051160.600671731, 6840588.832009144, 16.758761574522048, 16.914546851153982, 9.227559410173495, 2.7733668822059476
6, 1051154.9710539628, 6840579.149336273, 6.551467316613367, 12.755832114235986, 6.149346451806064, 1.307912020022539
9, 1051181.1008320374, 6840579.691133579, 19.99963043338738, 17.170695191062727, 7.919405216142254, 2.7292889144883934
9, 1051179.52605515, 6840568.230669092, 6.827623668094217, 17.168485009537655, 5.127028462810918, 1.2665458441730506
17, 1051093.1714178734, 6840620.4638662115, 8.287115300378998, 14.55323573278307, 7.959297674062761, 1.2202760356374995
