idparcel,centerx, centery, length, width, height, orientation
2, 1051155.332355142, 6840620.87984571, 6.402154758945999, 8.284048831618952, 5.983462901373753, 0.8391500747606471
3, 1051087.554466324, 6840607.695195271, 13.12770938103787, 17.094985121034046, 6.958070673053758, 1.2302960734397623
6, 1051156.7268597626, 6840578.033108706, 17.184872297880613, 8.892205450448856, 5.528396132083611, 2.7814926950266567
6, 1051160.7701114118, 6840589.175141047, 14.637102099149626, 16.463178559238514, 9.8910143907564, 1.1780872273030627
9, 1051180.7190339544, 6840578.803670352, 19.999908255319518, 16.76540754659851, 7.641676693379404, 2.7512997820442453
9, 1051178.5852314562, 6840568.203125048, 6.242169684972277, 18.870032632638676, 5.1239929056994695, 1.2610359560099482
17, 1051091.529723596, 6840621.16694167, 8.279174596466856, 18.01934896657287, 6.223529618144661, 1.212889055377586
