idparcel,centerx, centery, length, width, height, orientation
2, 1051138.9628281572, 6840605.523949533, 19.9998324089415, 10.85322700761775, 23.53763866712281, 2.784001345048418
2, 1051149.2667829704, 6840610.258925381, 19.886812280505037, 5.24231000252367, 23.537609326214994, 1.278771582040191
3, 1051086.3475984633, 6840604.2699774625, 13.688778665255077, 10.250813223771093, 23.537596637141334, 1.2257251620547995
6, 1051164.022211011, 6840598.210711752, 10.491926156783151, 8.87178700143002, 23.537640978663454, 1.2573802427173422
6, 1051158.1725211306, 6840583.051645338, 9.413987782736813, 19.312417821218197, 23.537514347999526, 2.770026227809198
7, 1051132.2442543795, 6840589.528171487, 19.988475786408618, 14.64748517374053, 23.537643601954056, 2.8033263776578314
8, 1051105.7388235512, 6840598.809577217, 16.367281553171434, 9.87855551250868, 23.5375966505624, 1.2274003964590692
9, 1051178.615589019, 6840573.097170741, 6.623538739471323, 5.293879872589207, 23.537347625327136, 2.238406872306096
9, 1051182.6858184852, 6840583.193936205, 19.99971941977003, 14.839034445226726, 23.53758421499542, 1.2233726590329002
