idparcel,centerx, centery, length, width, height, orientation
3, 1051087.2912195295, 6840606.956328079, 14.403493085251348, 16.7679573239011, 7.961413204121959, 1.2278232958955342
6, 1051160.185510843, 6840587.233548649, 16.383530970077974, 18.287665195368987, 9.856431140187569, 2.7903408390905717
6, 1051156.0041210877, 6840576.220252249, 16.987445470107666, 5.515351882954484, 7.0970250263825925, 2.775581595639096
8, 1051104.4151175518, 6840595.169674953, 16.382237411646358, 8.550576405064232, 6.740570789396914, 2.795310717512734
9, 1051180.3370173788, 6840578.41497258, 16.882562305907506, 19.999969517415632, 9.390060582458208, 1.241909852136606
9, 1051171.567845847, 6840571.6025137035, 5.39448761589237, 8.233402872108263, 7.62161684177958, 1.2406027695475896
9, 1051181.6173646029, 6840567.661473896, 12.672667385975423, 7.781801689693124, 6.725601242481128, 2.7943866892106244
17, 1051085.006444853, 6840623.337524715, 8.816722898359998, 5.879558534985705, 6.72406780453403, 3.014898200741039
17, 1051094.2227678702, 6840620.163251337, 7.937775159083637, 12.010858490627097, 10.871359858613847, 1.212066499094153
