idparcel,centerx, centery, length, width, height, orientation
2, 1051155.7021975971, 6840623.630625084, 8.286414863901092, 10.475045196409285, 9.92663133097941, 1.1079007689424782
3, 1051086.9800923658, 6840608.709412156, 15.146069719177978, 11.541890573000988, 13.007834455306075, 2.7995089458601967
6, 1051155.8519668563, 6840582.430561861, 6.677598100190466, 12.220639116571895, 13.271570949117903, 1.2042250465171367
6, 1051161.0172214522, 6840590.455687281, 11.985747048210653, 16.12619267357195, 16.56610521039987, 1.2023363680613686
7, 1051124.9046835098, 6840587.892295601, 19.999897174793173, 7.805079038203916, 10.457535015769139, 2.795655069708895
7, 1051136.2467560747, 6840583.113918588, 8.17690959462467, 17.841995045688034, 9.923454628080748, 1.2125081004233245
8, 1051104.343213061, 6840594.902426898, 9.106341864624984, 16.596659955356515, 10.00020303902919, 1.2223535152178295
9, 1051181.12053948, 6840579.479324406, 19.99788893162267, 16.050745211662438, 13.32752635664302, 2.7198213001039186
17, 1051093.0930774687, 6840620.57704413, 14.791016499910928, 7.8047621850044635, 13.169972519698108, 2.7610018307686874
