idparcel,centerx, centery, length, width, height, orientation
2, 1051154.457450004, 6840623.30205812, 7.453871594707521, 11.29108606352876, 5.983731881967943, 1.043582470230908
2, 1051153.8133611819, 6840617.453806081, 9.036120455302301, 5.357033241949561, 8.251794751477165, 1.743076549127711
3, 1051087.7770814751, 6840608.164634949, 11.018182877221554, 15.865881432480379, 8.629145420658386, 1.2303773276036924
6, 1051160.6213436674, 6840588.474016451, 16.821002967115938, 15.645054016406496, 10.018263424559283, 1.213395146096969
8, 1051104.903580125, 6840596.479860528, 15.633049821554895, 6.835770171079513, 7.008611322731632, 2.790125927398362
9, 1051176.7332948395, 6840577.14674545, 12.55182300136959, 9.777081145675288, 9.134537880756685, 2.8093061584632157
9, 1051186.0772276453, 6840573.071753945, 10.140655176300466, 5.914659860244997, 8.622192960003957, 1.233918221409075
9, 1051182.8507508854, 6840583.856887331, 7.14411800390654, 19.47016752275518, 13.643232293528635, 1.174814556245682
