idparcel,centerx, centery, length, width, height, orientation
3, 1051086.5835182467, 6840605.070654824, 11.951144339235217, 10.223250869299125, 23.746561696448847, 1.2299998291846255
6, 1051158.8466548997, 6840584.108734343, 19.99998635159499, 9.98850923035788, 23.999998506970663, 1.1992662700898356
7, 1051136.889268772, 6840583.6850331435, 10.318956647326633, 7.2137074887857064, 21.690719994453424, 2.7911533902157237
7, 1051125.2621075152, 6840587.643595771, 7.771297281751103, 14.31420687432014, 20.941272190104225, 1.2308243002771126
8, 1051104.5029080613, 6840595.181792157, 8.213539835781415, 9.836027272805241, 20.765789604562045, 1.2290449866728044
9, 1051180.382136841, 6840576.884264856, 14.79702499880636, 19.99999725347261, 23.999978108147364, 2.794370350326869
