idparcel,centerx, centery, length, width, height, orientation
3, 1051086.8935118406, 6840605.849000259, 12.064320171603441, 12.035130490013323, 7.70627077911966, 1.2285986751407165
6, 1051156.660377314, 6840578.057039668, 11.969153635893589, 9.948484866896147, 6.536752109260443, 2.7870432698523113
6, 1051161.0151028147, 6840589.211288846, 11.664217298583893, 14.101337035109424, 12.662847298068206, 2.799022383878366
7, 1051124.0408946562, 6840588.737093154, 13.050690836670292, 6.600925880512976, 7.119028530777328, 2.801867771474296
9, 1051181.649402695, 6840580.307007363, 16.60553799827693, 12.700192008762587, 12.01116765303873, 2.793360855994409
9, 1051177.3460375913, 6840573.745612521, 7.9302182865154975, 10.360336612879435, 7.585289165846985, 1.793492555733032
