idparcel,centerx, centery, length, width, height, orientation
3, 1051087.3447179627, 6840607.13379401, 14.20383969919362, 16.993266190831264, 6.885130989020583, 1.2295865723033574
6, 1051156.1498163366, 6840576.550090915, 17.150802934426963, 7.773172492494322, 5.504875024487989, 2.779980470838335
6, 1051160.362199172, 6840588.15306942, 16.604686286548954, 16.766632463544212, 9.378838500896782, 2.767231616747116
9, 1051185.4354210803, 6840575.782550823, 18.39463169376341, 11.337188410045766, 7.3047149392963835, 1.2206736097275452
9, 1051173.4086518462, 6840571.714719093, 11.866156083731678, 8.211375883375018, 6.015342400999417, 2.8029749235739065
9, 1051176.5177751367, 6840582.298091452, 10.566105587272368, 13.91463256109824, 10.078254419571508, 2.7933310290567577
17, 1051090.9513806936, 6840621.381597718, 19.20667596606032, 8.151468906834765, 6.127618014677335, 2.7832558365941007
18, 1051125.4183069312, 6840626.05080217, 7.107549967609118, 13.244065033139583, 9.147627709336291, 2.722756091240924
