idparcel,centerx, centery, length, width, height, orientation
2, 1051154.4134116475, 6840623.465288185, 9.57443080474316, 9.233711891460711, 23.999605230113165, 2.622621379867875
3, 1051086.5666822626, 6840604.896038575, 14.321258016231692, 16.393531104938404, 23.999620915628316, 2.7972636403490525
6, 1051157.9468124805, 6840581.750978197, 19.999932229550367, 14.136673518165075, 23.999570649018057, 1.197000591538806
6, 1051162.1606634348, 6840592.94421029, 7.1784650802589685, 12.203575527413875, 23.999065417702408, 0.9125429662481948
7, 1051126.0711339512, 6840587.459093082, 10.022526581447607, 19.9998173559827, 23.999618131799924, 1.2294810191164733
7, 1051139.5996421734, 6840582.874904392, 8.802183802162414, 9.437004463551038, 23.99954776813112, 2.7803187631852384
8, 1051104.498679864, 6840595.352559021, 13.983208827668312, 10.443799047151966, 23.999354134592316, 2.7959686885711097
9, 1051180.6460681527, 6840577.55200138, 18.878605603955627, 19.999924954000594, 23.999449957099223, 2.7924581465307248
11, 1051140.6429001486, 6840630.328411076, 7.846207177245476, 8.906944269683652, 23.999628000703577, 2.7169063739982513
