idparcel,centerx, centery, length, width, height, orientation
2, 1051154.917927386, 6840624.641136916, 7.764716493784356, 10.238435771911464, 13.933479465725938, 2.724618039425164
3, 1051086.0532700426, 6840603.586426556, 11.768908805625108, 16.650234607360915, 13.933677998171216, 2.8017665349652114
6, 1051157.3919402265, 6840580.263149426, 19.99999036367813, 11.65893377293094, 13.933678068426257, 1.196761003292803
6, 1051162.2983842634, 6840593.096639656, 7.405529167879075, 11.345576630562466, 13.933643703300435, 1.1874489008440885
7, 1051138.3095963753, 6840581.88211832, 9.455498977828814, 6.1744912240561405, 13.933614188038758, 0.975895727743483
7, 1051126.9758118142, 6840586.04261026, 19.9998850903359, 10.723107495762271, 13.933687767338734, 2.7880789532983714
8, 1051104.111495661, 6840594.294260139, 11.185099210249419, 11.463153924964214, 13.933696950499206, 1.2235208818473866
9, 1051175.317999021, 6840567.128355556, 12.68970144828334, 5.206965847107623, 13.933669546458676, 2.9910375089924677
9, 1051180.559869841, 6840577.27251346, 16.347800639395164, 19.99990165788699, 13.933613355003551, 2.790946834972409
