idparcel,centerx, centery, length, width, height, orientation
3, 1051088.0413308372, 6840601.010199717, 6.142081230823244, 6.951266464789978, 5.00414432708751, 0.7234918813304017
3, 1051087.802262604, 6840608.525093987, 16.78091782909526, 11.132126673378195, 7.89631732137313, 2.8010127238354574
6, 1051157.6504990458, 6840580.638002152, 16.81376395309598, 11.014206702641314, 6.363273965909041, 2.775908354508222
6, 1051161.4748070398, 6840590.97006544, 11.233697021233601, 15.960789387974964, 11.616740891497903, 1.150926100051039
9, 1051177.6803132484, 6840571.226518863, 19.99988836744537, 8.661958801930949, 5.86091232492698, 2.805821846716157
9, 1051181.262493461, 6840580.876147572, 12.047553631293283, 19.999983975716635, 10.017521782478141, 1.20561443193711
17, 1051095.986242349, 6840619.516289051, 8.684974621906623, 7.612565866855951, 10.996261898181446, 2.7366581727683883
17, 1051090.7826407824, 6840621.290141546, 14.697970972231467, 6.47500925771714, 6.866670849144295, 2.6961221616265374
18, 1051124.3451769205, 6840623.802761457, 6.754698483918344, 18.922351126150886, 8.472839826326512, 2.72933168066373
