idparcel,centerx, centery, length, width, height, orientation
3, 1051086.874190629, 6840605.8076156145, 12.90444455784641, 13.135975710581192, 8.201359235266935, 2.79502082408604
6, 1051156.7560800882, 6840578.243929272, 6.379421951846426, 11.625411851242504, 7.696167952351695, 1.5702728976440934
6, 1051160.3098987432, 6840587.665865027, 12.518425979266485, 17.533131447857407, 10.806982310233481, 2.7892135606942454
7, 1051126.8441762328, 6840587.448474756, 19.999985690222317, 7.277584858142193, 7.6356978227238175, 2.784048304478683
7, 1051138.7689543446, 6840582.938877184, 8.004095398732474, 5.654302930269984, 7.597866253028143, 3.0161023653855037
8, 1051104.0312738265, 6840595.808981516, 11.419755213162228, 7.390878059868802, 7.807467001011197, 2.796223530449147
9, 1051180.4428458582, 6840577.130078255, 19.592719126659482, 17.23674273265549, 8.538983423473962, 1.2140581386926417
