idparcel,centerx, centery, length, width, height, orientation
3, 1051086.7590265658, 6840605.596676533, 12.697294766878038, 12.039183001585842, 5.951669797958845, 1.2294746050996745
6, 1051160.9000232879, 6840589.095267053, 11.75450803465521, 14.493022928528905, 10.085137772407553, 2.790350486776913
6, 1051156.582330662, 6840578.919010828, 10.50512816443202, 8.246141426227162, 5.992661292713176, 2.856461805343374
7, 1051127.0738907696, 6840586.811747785, 8.18433230492782, 19.999948744100013, 4.919906512962562, 1.2197395588378945
7, 1051138.6576803378, 6840582.930879658, 8.029818791147463, 7.055310892033731, 5.293750637758411, 2.834908122055882
9, 1051185.3810345398, 6840576.451723809, 6.895602979002821, 17.470262493345142, 7.354350523022272, 2.7822896224256843
9, 1051178.796494986, 6840580.44643485, 11.281010423247478, 15.1384240634431, 8.77606060317505, 2.7986181016794913
9, 1051173.5818425599, 6840570.739825925, 7.898188290940688, 6.619881107629258, 5.488409730639957, 2.8018754394426013
