idparcel,centerx, centery, length, width, height, orientation
3, 1051087.1534706566, 6840606.631631759, 16.367230554954006, 17.7654079372798, 6.818506967611347, 1.2212445149761948
6, 1051160.6313689074, 6840588.762821479, 17.401130592462827, 15.626667815145122, 11.001883228093615, 2.761514702406649
6, 1051156.5173257848, 6840577.711501712, 18.02961299528651, 8.122586449629818, 6.749903031665003, 2.768886716059295
9, 1051176.491524375, 6840570.296213415, 19.556857687958917, 5.7643552397130104, 7.261888735413885, 2.8070909607224537
9, 1051180.2200356985, 6840579.908396031, 14.815773672162898, 19.99981029760316, 10.241856787331992, 1.218464277090488
17, 1051093.1119988004, 6840620.554781085, 9.080484788225844, 15.415555408706945, 9.096835712463875, 1.2146429465561004
18, 1051124.3952931596, 6840623.691706662, 19.098195298668465, 7.993994202914859, 9.944399193666069, 1.1482254386873905
