idparcel,centerx, centery, length, width, height, orientation
3, 1051088.0865310435, 6840610.097903364, 17.819754832299534, 9.810158625708485, 9.622073293964698, 2.794265244978039
6, 1051161.1655843763, 6840590.587518346, 11.106695155979907, 17.51627318969618, 12.472152536839348, 1.2119360852016732
6, 1051158.1152927359, 6840583.21878066, 5.000051327209533, 16.3400388003828, 9.896263122334357, 1.224014287268063
7, 1051124.194957329, 6840588.25284768, 7.617320161721466, 19.999915273180935, 5.607693817332185, 1.2139105276719644
7, 1051137.9636486361, 6840583.326358994, 6.910279830138231, 16.291016477369, 5.816923065354253, 1.2301158061711128
9, 1051179.9214835765, 6840579.9680112135, 14.433981083477994, 19.941153671987536, 9.497322226194918, 1.2247964446699922
9, 1051186.8417021912, 6840569.624333927, 7.402248672303582, 5.852393551383465, 7.379402854338552, 1.2132002302108154
17, 1051094.904221818, 6840619.920590054, 9.121925034043317, 12.655257743875067, 10.073757251817595, 1.1625987543056089
18, 1051123.6682550856, 6840623.014216023, 17.026492438418966, 7.545659973052802, 10.075285623468059, 1.1785353315483342
