idparcel,centerx, centery, length, width, height, orientation
2, 1051155.8101010015, 6840623.041180004, 8.143080382835333, 8.529888968533946, 23.993500896443653, 1.1506129792672983
3, 1051086.7371797475, 6840605.412969514, 15.310356997464254, 16.262153752318227, 23.99355852907825, 2.798715492393806
6, 1051162.2416498943, 6840593.466688603, 5.72036101450557, 14.144162614421088, 23.9935014497681, 1.110013511851105
6, 1051158.312261025, 6840582.083776312, 15.118364172196099, 19.999961983494025, 23.993543578740237, 2.7913291493961863
7, 1051139.5127314755, 6840582.378268672, 7.893661786764396, 9.59741256686377, 23.993553982074687, 1.2110980606538253
7, 1051125.6018826517, 6840587.445613743, 19.999975866642366, 8.139867128388728, 23.993553318125944, 2.7848646061048394
8, 1051104.3865989766, 6840595.045086405, 8.547455747439642, 14.973865032126946, 23.993356711256222, 1.2250074612447113
9, 1051180.3672924046, 6840576.761012302, 19.99998774459332, 19.861016940209936, 23.993561932105866, 1.2207403667363925
17, 1051089.903394995, 6840621.810462116, 19.8944995759655, 6.470424133641352, 23.993352017009432, 2.7805871087927367
