idparcel,centerx, centery, length, width, height, orientation
2, 1051139.6617926548, 6840605.474146113, 19.99976293814471, 10.489463991498779, 12.190849721911256, 2.783127863269762
2, 1051151.356453891, 6840615.7901729485, 6.486130144278241, 13.903371727508006, 12.190494013407244, 2.7586713229071282
3, 1051086.3339448392, 6840604.271410686, 13.71405728267357, 10.281322567726384, 12.19086932759895, 1.2273664317179445
6, 1051158.2668045433, 6840582.413414751, 19.999989730365535, 10.077217583954003, 12.190589195495601, 1.2046225710281162
6, 1051163.7593283192, 6840597.641486462, 6.714149853826371, 10.92378260849527, 12.190397839097717, 2.525770079206937
7, 1051130.9523447782, 6840589.296350884, 14.906003255181027, 19.641828586275427, 12.190656367489805, 1.2124533331199006
8, 1051105.6606604352, 6840598.639686395, 16.00377154386513, 9.900768218093909, 12.19089348148516, 1.22438055980795
9, 1051182.968607882, 6840584.174071803, 13.891513661562486, 19.781669637354796, 12.190878595572045, 2.762949056172681
9, 1051176.924583113, 6840570.45703881, 6.942576171051703, 6.6558662822729975, 12.190095976144953, 1.5651752403825063
