idparcel,centerx, centery, length, width, height, orientation
3, 1051086.3580593378, 6840604.253084515, 13.696595136876315, 10.199680724869424, 12.258193564521335, 1.2272773721937082
6, 1051158.2548964953, 6840582.245197771, 10.05340419417488, 19.999989567232866, 12.25822553842511, 2.7799788329114232
7, 1051128.0620065657, 6840586.9211512115, 8.883449457766986, 19.999902819994386, 12.258150256590811, 1.2274511698515596
9, 1051180.6912637542, 6840577.760352255, 19.9999479596333, 14.802777290291058, 12.258232188162001, 1.224551232285765
